agent_subtypes_tables	18
key	auto_generate	is_caster	small_icon	associated_unit_override	audio_voiceover_actor_group	show_in_ui	cap	has_female_name	can_gain_xp	loyalty_is_applicable	contributes_to_agent_cap	recruitment_category	magic_lore	audio_vo_culture_override
brt_damsel	true	true	ui/campaign ui/agents/wh_main_lore_heavens.png	wh_main_brt_cha_damsel_0	wh_dlc03_vo_actor_Bretonnian_Damsel	true	-1	true	true	true	true			
brt_damsel_beasts	true	true	ui/campaign ui/agents/wh_dlc03_lore_beasts.png	wh_dlc07_brt_cha_damsel_beasts_0	wh_dlc03_vo_actor_Bretonnian_Damsel	true	-1	true	true	true	true			
brt_damsel_life	true	true	ui/campaign ui/agents/wh_dlc05_lore_life.png	wh_dlc07_brt_cha_damsel_life_0	wh_dlc03_vo_actor_Bretonnian_Damsel	true	-1	true	true	true	true			
brt_lord	true	false		wh_main_brt_cha_lord_0	wh_main_vo_actor_Bretonnian_Lord	true	-1	false	true	true	true	brt_lord		
brt_louen_leoncouer	false	false		wh_main_brt_cha_king_louen_leoncoeur_0	wh_main_vo_actor_Bretonnian_King_Louen	true	-1	false	true	true	true	legendary_lords		
brt_paladin	true	false	ui/campaign ui/agents/wh_main_brt_champion.png	wh_main_brt_cha_paladin_0	wh_main_vo_actor_Bretonnian_Paladin	true	-1	false	true	true	true			
chs_archaon	false	true		wh_main_chs_cha_archaon_the_everchosen_0	wh_dlc01_vo_actor_Chaos_ArchaonTheEverchosen	true	-1	false	true	true	true	legendary_lords		
chs_chaos_sorcerer_death	true	true	ui/campaign ui/agents/wh_main_lore_death.png	wh_main_chs_cha_chaos_sorcerer_death_0	wh_main_vo_actor_Chaos_Sorcerer	true	-1	false	true	true	true			
chs_chaos_sorcerer_fire	true	true	ui/campaign ui/agents/wh_main_lore_fire.png	wh_main_chs_cha_chaos_sorcerer_fire_0	wh_main_vo_actor_Chaos_Sorcerer	true	-1	false	true	true	true			
chs_chaos_sorcerer_metal	true	true	ui/campaign ui/agents/wh_main_lore_metal.png	wh_main_chs_cha_chaos_sorcerer_metal_0	wh_main_vo_actor_Chaos_Sorcerer	true	-1	false	true	true	true			
chs_exalted_hero	true	false	ui/campaign ui/agents/wh_main_chs_champion.png	wh_main_chs_cha_exalted_hero_0	wh_main_vo_actor_Chaos_ExhaltedHero	true	-1	false	true	true	true			
chs_kholek_suneater	false	false		wh_dlc01_chs_cha_kholek	wh_dlc01_vo_actor_Chaos_KholekSuneater	true	-1	false	true	true	true	legendary_lords		
chs_lord	true	false		wh_main_chs_cha_chaos_lord_0	wh_main_vo_actor_Chaos_Lord	true	-1	false	true	true	true	chs_lord		
chs_lord_of_change	false	true		wh_main_chs_cha_lord_of_change_0	wh_main_vo_actor_Chaos_LordOfChange	true	-1	false	true	true	true	chs_lord_of_change		
chs_prince_sigvald	false	false		wh_dlc01_chs_cha_prince_sigvald_the_magnificent	wh_dlc01_vo_actor_Chaos_SigvaldTheMagnificent	true	-1	false	true	true	true	legendary_lords		
chs_sorcerer_lord_death	true	true	ui/campaign ui/agents/wh_main_lore_death.png	wh_dlc01_chs_cha_chaos_sorcerer_lord_death_0	wh_dlc01_vo_actor_Chaos_SorcererLord	true	-1	false	true	true	true	chs_sorcerer_lord	wh_main_lore_death	
chs_sorcerer_lord_fire	true	true	ui/campaign ui/agents/wh_main_lore_fire.png	wh_dlc01_chs_cha_chaos_sorcerer_lord_fire_0	wh_dlc01_vo_actor_Chaos_SorcererLord	true	-1	false	true	true	true	chs_sorcerer_lord	wh_main_lore_fire	
chs_sorcerer_lord_metal	true	true	ui/campaign ui/agents/wh_main_lore_metal.png	wh_dlc01_chs_cha_chaos_sorcerer_lord_metal_0	wh_dlc01_vo_actor_Chaos_SorcererLord	true	-1	false	true	true	true	chs_sorcerer_lord	wh_main_lore_metal	
default	true	false			wh_main_vo_actor_default	true	-1	false	true	true	true			
dlc03_bst_beastlord	true	false		wh_dlc03_bst_cha_beastlord_0	wh_dlc03_vo_actor_Beastlord	true	-1	false	true	true	true	bst_beastlord		
dlc03_bst_bray_shaman_beasts	true	true	ui/campaign ui/agents/wh_dlc03_lore_beasts.png	wh_dlc03_bst_cha_bray_shaman_beasts_0	wh_dlc03_vo_actor_Beastmen_Bray_Shaman	true	-1	false	true	true	true			
dlc03_bst_bray_shaman_death	true	true	ui/campaign ui/agents/wh_main_lore_death.png	wh_dlc03_bst_cha_bray_shaman_death_0	wh_dlc03_vo_actor_Beastmen_Bray_Shaman	true	-1	false	true	true	true			
dlc03_bst_bray_shaman_shadows	true	true	ui/campaign ui/agents/wh_dlc05_lore_shadow.png	wh_dlc03_bst_cha_bray_shaman_shadows_0	wh_dlc03_vo_actor_Beastmen_Bray_Shaman	true	-1	false	true	true	true			
dlc03_bst_bray_shaman_wild	true	true	ui/campaign ui/agents/wh_dlc03_lore_wild.png	wh_dlc03_bst_cha_bray_shaman_wild_0	wh_dlc03_vo_actor_Beastmen_Bray_Shaman	true	-1	false	true	true	true			
dlc03_bst_gorebull	true	false		wh_dlc03_bst_cha_gorebull_0	wh_dlc03_vo_actor_Beastmen_Gorebull	true	-1	false	true	true	true			
dlc03_bst_graktar	false	false		wh_dlc03_bst_cha_graktar_0	wh_dlc03_vo_actor_Beastlord	true	-1	false	true	true	true	bst_beastlord		
dlc03_bst_khazrak	false	false		wh_dlc03_bst_cha_khazrak_one_eye_0	wh_dlc03_vo_actor_Beastmen_Khazrak_One_Eye	true	-1	false	true	true	true	legendary_lords		
dlc03_bst_malagor	false	true		wh_dlc03_bst_cha_malagor_the_dark_omen_0	wh_dlc03_vo_actor_Beastmen_Malagor_the_Dark_Omen	true	-1	false	true	true	true	legendary_lords		
dlc03_emp_amber_wizard	true	true	ui/campaign ui/agents/wh_dlc03_lore_beasts.png	wh_dlc03_emp_cha_wizard_beasts_0	vo_actor_Empire_dlc03_AmberWizard	true	-1	false	true	true	true			
dlc03_emp_boris_todbringer	false	false		wh_dlc03_emp_cha_boris_todbringer_0	wh_dlc03_vo_actor_Empire_Boris_Todbringer	true	-1	false	true	true	true	legendary_lords		
dlc04_emp_arch_lector	true	false		wh_dlc04_emp_cha_arch_lector_0	wh_dlc04_vo_actor_Empire_Arch_Lector	true	-1	false	true	true	true	emp_arch_lector		
dlc04_emp_volkmar	false	false		wh_dlc04_emp_cha_volkmar_the_grim_0	wh_dlc04_vo_actor_Empire_Volkmar_The_Grim	true	-1	false	true	true	true	legendary_lords		
dlc04_vmp_helman_ghorst	false	true		wh_dlc04_vmp_cha_helman_ghorst_0	wh_dlc04_vo_actor_Vampire_dlc04_Helman_Ghorst	true	-1	false	true	true	true	legendary_lords		
dlc04_vmp_strigoi_ghoul_king	true	true		wh_dlc04_vmp_cha_strigoi_ghoul_king_0	wh_dlc04_vo_actor_Vampire_dlc04_Strigoi_Ghoul_King	true	-1	false	true	true	true	vmp_strigoi_ghoul_king		
dlc04_vmp_vlad_con_carstein	false	true		wh_dlc04_vmp_cha_vlad_von_carstein_0	wh_dlc04_vo_actor_Vampire_dlc04_Vlad_Von_Carstein	true	-1	false	true	true	true	legendary_lords		
dlc05_bst_morghur	false	false		wh_dlc05_bst_cha_morghur_0	wh_dlc05_vo_actor_Beastmen_Morghur	true	-1	false	true	true	true	legendary_lords		
dlc05_emp_grey_wizard	true	true	ui/campaign ui/agents/wh_dlc05_lore_shadow.png	wh_dlc05_emp_cha_wizard_shadows_0	wh_dlc05_vo_actor_Empire_GreyWizard	true	-1	false	true	true	true			
dlc05_emp_jade_wizard	true	true	ui/campaign ui/agents/wh_dlc05_lore_life.png	wh_dlc05_emp_cha_wizard_life_0	wh_dlc05_vo_actor_Empire_JadeWizard	true	-1	false	true	true	true			
dlc05_wef_ancient_treeman	true	true		wh_dlc05_wef_cha_ancient_treeman_0	wh_dlc05_vo_actor_Wood_Elves_Tree_Ancient	true	-1	false	true	true	true	wef_ancient_treeman		
dlc05_wef_durthu	false	true		wh_dlc05_wef_cha_durthu_0	wh_dlc05_vo_actor_Wood_Elves_Durthu	true	-1	false	true	true	true	legendary_lords		
dlc05_wef_glade_lord	true	false		wh_dlc05_wef_cha_glade_lord_0	wh_dlc05_vo_actor_Wood_Elves_Male_Glade_Lord	true	-1	false	true	true	true	wef_glade_lord		
dlc05_wef_glade_lord_fem	true	false		wh_dlc05_wef_cha_female_glade_lord_0	wh_dlc05_vo_actor_Wood_Elves_Female_Glade_Lord	true	-1	false	true	true	true	wef_glade_lord_female		
dlc05_wef_orion	false	false		wh_dlc05_wef_cha_orion_0	wh_dlc05_vo_actor_Wood_Elves_Orion	true	-1	false	true	true	true	legendary_lords		
dlc05_wef_spellsinger_beasts	true	true	ui/campaign ui/agents/wh_dlc03_lore_beasts.png	wh_dlc05_wef_cha_spellsinger_beasts_0	wh_dlc05_vo_actor_Wood_Elves_Spellsinger	true	-1	true	true	true	true			
dlc05_wef_spellsinger_life	true	true	ui/campaign ui/agents/wh_dlc05_lore_life.png	wh_dlc05_wef_cha_spellsinger_life_0	wh_dlc05_vo_actor_Wood_Elves_Spellsinger	true	-1	true	true	true	true			
dlc05_wef_spellsinger_shadow	true	true	ui/campaign ui/agents/wh_dlc05_lore_shadow.png	wh_dlc05_wef_cha_spellsinger_shadows_0	wh_dlc05_vo_actor_Wood_Elves_Spellsinger	true	-1	true	true	true	true			
dlc05_wef_waystalker	true	false		wh_dlc05_wef_cha_waystalker_0	wh_dlc05_vo_actor_Wood_Elves_Waystalker	true	-1	false	true	true	true			
dlc06_dwf_belegar	false	false		wh_dlc06_dwf_cha_belegar_ironhammer_0	wh_dlc06_vo_actor_Dwarf_Belegar_Ironhammer	true	-1	false	true	true	true	legendary_lords		
dlc06_dwf_master_engineer_ghost	false	false	ui/campaign ui/agents/wh_main_dwf_engineer.png	wh_dlc06_dwf_cha_master_engineer_ghost_0	wh_dlc06_vo_actor_Dwarf_MasterEngineer1Ghost	false	-1	false	true	true	true			
dlc06_dwf_runelord	true	false		wh_dlc06_dwf_cha_runelord_0	wh_dlc06_vo_actor_Dwarf_Rune_Lord	true	-1	false	true	true	true	dwf_runelord		
dlc06_dwf_runesmith_ghost	false	false	ui/campaign ui/agents/wh_main_dwf_runesmith.png	wh_dlc06_dwf_cha_runesmith_ghost_0	wh_dlc06_vo_actor_Dwarf_RuneSmith2Ghost	false	-1	false	true	true	true			
dlc06_dwf_thane_ghost_1	false	false	ui/campaign ui/agents/wh_main_dwf_champion.png	wh_dlc06_dwf_cha_thane_ghost_0	wh_dlc06_vo_actor_Dwarf_Thane1Ghost	false	-1	false	true	true	true			
dlc06_dwf_thane_ghost_2	false	false	ui/campaign ui/agents/wh_main_dwf_champion.png	wh_dlc06_dwf_cha_thane_ghost_1	wh_dlc06_vo_actor_Dwarf_Thane1Ghost	false	-1	false	true	true	true			
dlc06_grn_night_goblin_warboss	true	false	UI/Common UI/unit_category_icons/night_goblin_warboss.png	wh_dlc06_grn_cha_night_goblin_warboss_0	wh_dlc06_vo_actor_Goblin_Night_Goblin_Warboss	true	-1	false	true	true	true	grn_night_goblin_war_boss		
dlc06_grn_skarsnik	false	false		wh_dlc06_grn_cha_skarsnik_0	wh_dlc06_vo_actor_Goblin_Skarsnik	true	-1	false	true	true	true	legendary_lords		
dlc06_grn_wurrzag_da_great_prophet	false	true		wh_dlc06_grn_cha_wurrzag_0	wh_dlc06_vo_actor_Orc_Wurrzag	true	-1	false	true	true	true	legendary_lords		
dlc07_brt_alberic	false	false		wh_dlc07_brt_cha_alberic_bordeleaux_0	wh_dlc07_vo_actor_Bretonnian_Alberic	true	-1	false	true	true	true	legendary_lords		
dlc07_brt_fay_enchantress	false	true		wh_dlc07_brt_cha_fay_enchantress_0	wh_dlc07_vo_actor_Bretonnian_Fay_Enchantress	true	-1	false	true	true	true	legendary_lords		
dlc07_brt_green_knight	false	false	UI/Campaign UI/Agents/wh_dlc07_brt_green_knight.png	wh_dlc07_brt_cha_green_knight_0	wh_dlc07_vo_actor_Bretonnian_Green_Knight	false	-1	false	true	true	true			
dlc07_brt_prophetess_beasts	true	true	ui/campaign ui/agents/wh_dlc03_lore_beasts.png	wh_dlc07_brt_cha_prophetess_beasts_0	wh_dlc07_vo_actor_Bretonnian_Prophetess	true	-1	true	true	true	true	brt_prophetess	wh_dlc03_lore_beasts	
dlc07_brt_prophetess_heavens	true	true	ui/campaign ui/agents/wh_main_lore_heavens.png	wh_dlc07_brt_cha_prophetess_heavens_0	wh_dlc07_vo_actor_Bretonnian_Prophetess	true	-1	true	true	true	true	brt_prophetess	wh_main_lore_heavens	
dlc07_brt_prophetess_life	true	true	ui/campaign ui/agents/wh_dlc05_lore_life.png	wh_dlc07_brt_cha_prophetess_0	wh_dlc07_vo_actor_Bretonnian_Prophetess	true	-1	true	true	true	true	brt_prophetess	wh_dlc05_lore_life	
dlc07_chs_chaos_sorcerer_shadow	true	true	ui/campaign ui/agents/wh_dlc05_lore_shadow.png	wh_dlc01_chs_cha_chaos_sorcerer_shadows_0	wh_main_vo_actor_Chaos_Sorcerer	true	-1	false	true	true	true			
dlc07_chs_sorcerer_lord_shadow	true	true	ui/campaign ui/agents/wh_dlc05_lore_shadow.png	wh_dlc01_chs_cha_chaos_sorcerer_lord_shadows_0	wh_dlc01_vo_actor_Chaos_SorcererLord	true	-1	false	true	true	true	chs_sorcerer_lord	wh_dlc05_lore_shadows	
dlc08_nor_kihar	false	true	ui/campaign ui/agents/wh_main_lore_fire.png	wh_dlc08_nor_cha_kihar_0	wh_dlc08_vo_actor_Norsca_Shaman_Sorcerer	false	-1	false	true	true	true			
dwf_lord	true	false		wh_main_dwf_cha_lord_0	wh_main_vo_actor_Dwarf_Lord	true	-1	false	true	true	true	dwf_lord		
dwf_master_engineer	true	false	ui/campaign ui/agents/wh_main_dwf_engineer.png	wh_main_dwf_cha_master_engineer_0	wh_main_vo_actor_Dwarf_MasterEngineer	true	-1	false	true	true	true			
dwf_runesmith	true	false	ui/campaign ui/agents/wh_main_dwf_runesmith.png	wh_main_dwf_cha_rune_smith_0	wh_main_vo_actor_Dwarf_RuneSmith	true	-1	false	true	true	true			
dwf_thane	true	false	ui/campaign ui/agents/wh_main_dwf_champion.png	wh_main_dwf_cha_thane	wh_main_vo_actor_Dwarf_Thane	true	-1	false	true	true	true			
dwf_thorgrim_grudgebearer	false	false		wh_main_dwf_cha_high_king_thorgrim_grudgebearer_1	wh_main_vo_actor_Dwarf_ThorGrimGrudgebearer	true	-1	false	true	true	true	legendary_lords		
dwf_ungrim_ironfist	false	false		wh_main_dwf_cha_ungrim_ironfist	wh_main_vo_actor_Dwarf_UngrimIronfist	true	-1	false	true	true	true	legendary_lords		
emp_balthasar_gelt	false	true		wh_main_emp_cha_balthasar_gelt_0	wh_main_vo_actor_Empire_BalthasarGelt	true	-1	false	true	true	true	legendary_lords		
emp_bright_wizard	true	true	ui/campaign ui/agents/wh_main_lore_fire.png	wh_main_emp_cha_wizard_fire_0	wh_main_vo_actor_Empire_BrightWizard	true	-1	false	true	true	true			
emp_captain	true	false	ui/campaign ui/agents/wh_main_emp_champion.png	wh_main_emp_cha_captain_0	wh_main_vo_actor_Empire_Captain	true	-1	false	true	true	true			
emp_celestial_wizard	true	true	ui/campaign ui/agents/wh_main_lore_heavens.png	wh_main_emp_cha_wizard_heavens_0	wh_main_vo_actor_Empire_CelestialWizard	true	-1	false	true	true	true			
emp_karl_franz	false	false		wh_main_emp_cha_karl_franz_0	wh_main_vo_actor_Empire_KarlFranz	true	-1	false	true	true	true	legendary_lords		
emp_light_wizard	true	true	ui/campaign ui/agents/wh_main_lore_light.png	wh_main_emp_cha_wizard_light_0	wh_main_vo_actor_Empire_LightWizard	true	-1	false	true	true	true			
emp_lord	true	false		wh_main_emp_cha_general_0	wh_main_vo_actor_Empire_General	true	-1	false	true	true	true	emp_general		
emp_warrior_priest	true	false	ui/campaign ui/agents/wh_main_emp_dignitary.png	wh_main_emp_cha_warrior_priest_0	wh_main_vo_actor_Empire_WarriorPriest	true	-1	false	true	true	true			
emp_witch_hunter	true	false	ui/campaign ui/agents/wh_main_emp_spy.png	wh_main_emp_cha_witch_hunter	wh_main_vo_actor_Empire_WitchHunter	true	-1	false	true	true	true			
grn_azhag_the_slaughterer	false	true		wh_main_grn_cha_azhag_the_slaughterer_0	wh_main_vo_actor_Orc_AzhagTheSlaughterer	true	-1	false	true	true	true	legendary_lords		
grn_goblin_big_boss	true	false	ui/campaign ui/agents/wh_main_grn_spy.png	wh_main_grn_cha_goblin_big_boss_0	wh_main_vo_actor_Goblin_BigBoss	true	-1	false	true	true	true			
grn_goblin_great_shaman	true	true		wh_main_grn_cha_goblin_great_shaman_0	wh_main_vo_actor_Goblin_GreatShaman	true	-1	false	true	true	true	grn_goblin_great_shaman		
grn_grimgor_ironhide	false	false		wh_main_grn_cha_grimgor_ironhide	wh_main_vo_actor_Orc_GrimgorIronhide	true	-1	false	true	true	true	legendary_lords		
grn_night_goblin_shaman	true	true	ui/campaign ui/agents/wh_main_lore_lil_waaagh.png	wh_main_grn_cha_night_goblin_shaman	wh_main_vo_actor_Goblin_NightShaman	true	-1	false	true	true	true			
grn_orc_shaman	true	true	ui/campaign ui/agents/wh_main_lore_big_waaagh.png	wh_main_grn_cha_orc_shaman_0	wh_main_vo_actor_Orc_Shaman	true	-1	false	true	true	true			
grn_orc_warboss	true	false		wh_main_grn_cha_orc_warboss_0	wh_main_vo_actor_Orc_Warboss	true	-1	false	true	true	true	grn_orc_war_boss		
ksl_captain	true	false	ui/campaign ui/agents/wh_main_emp_champion.png	wh_main_ksl_cha_captain_0	wh_main_vo_actor_default	true	-1	false	true	true	true			
ksl_celestial_wizard	true	true	ui/campaign ui/agents/wh_main_lore_heavens.png	wh_main_ksl_cha_wizard_0	wh_main_vo_actor_Empire_CelestialWizard	true	-1	false	true	true	true			
ksl_lord	true	false		wh_main_emp_cha_general_0	wh_main_vo_actor_Empire_General	true	-1	false	true	true	true	ksl_lord		
nor_chaos_sorcerer_metal	true	true	ui/campaign ui/agents/wh_main_lore_metal.png	wh_main_nor_cha_chaos_sorcerer_0	wh_main_vo_actor_Chaos_Sorcerer	true	-1	false	true	true	true			
nor_marauder_chieftain	true	false		wh_main_nor_cha_marauder_chieftan_0	wh_dlc08_vo_actor_Norsca_Marauder_Chieftan	true	-1	false	true	true	true	nor_marauder_chieftain		
nor_sorcerer_lord_metal	true	true	ui/campaign ui/agents/wh_main_lore_metal.png	wh_dlc01_nor_cha_chaos_sorcerer_lord_0	wh_dlc01_vo_actor_Chaos_SorcererLord	true	-1	false	true	true	true	nor_sorcerer_lord		
pro01_dwf_grombrindal	false	false		wh_pro01_dwf_cha_grombrindal_0	wh_pro01_vo_actor_Dwarf_Grombrindal	true	-1	false	true	true	true	legendary_lords		
pro02_vmp_isabella_von_carstein	false	true		wh_pro02_vmp_cha_isabella_von_carstein_0	wh_pro02_vo_actor_Vampire_Isabella_Von_Carstein	true	-1	false	true	true	true	legendary_lords		
teb_bright_wizard	true	true	ui/campaign ui/agents/wh_main_lore_fire.png	wh_main_teb_cha_wizard_0	wh_main_vo_actor_Empire_BrightWizard	true	-1	false	true	true	true			
teb_captain	true	false	ui/campaign ui/agents/wh_main_emp_champion.png	wh_main_teb_cha_captain_0	wh_main_vo_actor_Empire_Captain	true	-1	false	true	true	true			
teb_lord	true	false		wh_main_emp_cha_general_0	wh_main_vo_actor_Empire_General	true	-1	false	true	true	true	teb_lord		
vmp_banshee	true	false	ui/campaign ui/agents/wh_main_vmp_spy.png	wh_main_vmp_cha_banshee	wh_main_vo_actor_Vampire_Banshee	true	-1	true	true	true	true			
vmp_heinrich_kemmler	false	true		wh_main_vmp_cha_heinrich_kemmler	wh_main_vo_actor_Vampire_HeinrichKemmler	true	-1	false	true	true	true	legendary_lords		
vmp_lord	true	true		wh_main_vmp_cha_vampire_lord_0	wh_main_vo_actor_Vampire_Lord	true	-1	false	true	true	true	vmp_lord		
vmp_mannfred_von_carstein	false	true		wh_main_vmp_cha_mannfred_von_carstein_0	wh_main_vo_actor_Vampire_MannfredVonCarstein	true	-1	false	true	true	true	legendary_lords		
vmp_master_necromancer	true	true		wh_main_vmp_cha_master_necromancer_0	wh_main_vo_actor_Vampire_MasterNecromancer	true	-1	false	true	true	true	vmp_master_necromancer		
vmp_necromancer	true	true	ui/campaign ui/agents/wh_main_lore_vampires.png	wh_main_vmp_cha_necromancer_0	wh_main_vo_actor_Vampire_Necromancer	true	-1	false	true	true	true			
vmp_vampire	true	true	ui/campaign ui/agents/wh_main_lore_death.png	wh_main_vmp_cha_vampire_0	wh_main_vo_actor_Vampire_FemaleVamp	true	-1	true	true	true	true			
vmp_wight_king	true	false	ui/campaign ui/agents/wh_main_vmp_champion.png	wh_main_vmp_cha_wight_king_0	wh_main_vo_actor_Vampire_WightKing	true	-1	false	true	true	true			
wh2_dlc09_skv_tretch_craventail	false	false		wh2_dlc09_skv_cha_tretch_craventail	wh2_dlc09_vo_actor_Skaven_Tretch_Craventail	true	-1	false	true	false	true	legendary_lords		
wh2_dlc09_tmb_arkhan	false	true		wh2_dlc09_tmb_cha_arkhan_0	wh2_dlc09_vo_actor_Tomb_Kings_Arkhan	true	-1	false	true	true	true	legendary_lords		
wh2_dlc09_tmb_khalida	false	false		wh2_dlc09_tmb_cha_khalida_0	wh2_dlc09_vo_actor_Tomb_Kings_High_Queen_Khalida	true	-1	false	true	true	true	legendary_lords		
wh2_dlc09_tmb_khatep	false	true		wh2_dlc09_tmb_cha_khatep_0	wh2_dlc09_vo_actor_Tomb_Kings_Khatep	true	-1	false	true	true	true	legendary_lords		
wh2_dlc09_tmb_liche_priest_death	true	true	ui/campaign ui/agents/wh_main_lore_death.png	wh2_dlc09_tmb_cha_liche_priest_death_0	wh2_dlc09_vo_actor_Tomb_Kings_Liche_Priest	true	-1	false	true	true	true			
wh2_dlc09_tmb_liche_priest_light	true	true	ui/campaign ui/agents/wh_main_lore_light.png	wh2_dlc09_tmb_cha_liche_priest_light_0	wh2_dlc09_vo_actor_Tomb_Kings_Liche_Priest	true	-1	false	true	true	true			
wh2_dlc09_tmb_liche_priest_nehekhara	true	true	ui/campaign ui/agents/wh2_dlc09_lore_nehekhara.png	wh2_dlc09_tmb_cha_liche_priest_nehekhara_0	wh2_dlc09_vo_actor_Tomb_Kings_Liche_Priest	true	-1	false	true	true	true			
wh2_dlc09_tmb_liche_priest_shadow	true	true	ui/campaign ui/agents/wh_dlc05_lore_shadow.png	wh2_dlc09_tmb_cha_liche_priest_shadow_0	wh2_dlc09_vo_actor_Tomb_Kings_Liche_Priest	true	-1	false	true	true	true			
wh2_dlc09_tmb_necrotect	true	false		wh2_dlc09_tmb_cha_necrotect_0	wh2_dlc09_vo_actor_Tomb_Kings_Necrotect	true	-1	false	true	true	true			
wh2_dlc09_tmb_necrotect_ritual	false	false	ui/campaign ui/agents/wh2_dlc09_tmb_engineer_ritual.png	wh2_dlc09_tmb_cha_necrotect_0	wh2_dlc09_vo_actor_Tomb_Kings_Necrotect	false	-1	false	false	true	true			
wh2_dlc09_tmb_settra	false	false		wh2_dlc09_tmb_cha_settra_0	wh2_dlc09_vo_actor_Tomb_Kings_Settra_the_Imperishable	true	-1	false	true	true	true	legendary_lords		
wh2_dlc09_tmb_tomb_king	true	false		wh2_dlc09_tmb_cha_tomb_king_0	wh2_dlc09_vo_actor_Tomb_Kings_Tomb_King	true	-1	false	true	true	true	tmb_tomb_king		
wh2_dlc09_tmb_tomb_king_alkhazzar_ii	false	false		wh2_dlc09_tmb_cha_tomb_king_0	wh2_dlc09_vo_actor_Tomb_Kings_Tomb_King	true	-1	false	true	true	true	tmb_dynasties		
wh2_dlc09_tmb_tomb_king_lahmizzash	false	false		wh2_dlc09_tmb_cha_tomb_king_0	wh2_dlc09_vo_actor_Tomb_Kings_Tomb_King	true	-1	false	true	true	true	tmb_dynasties		
wh2_dlc09_tmb_tomb_king_rakhash	false	false		wh2_dlc09_tmb_cha_tomb_king_0	wh2_dlc09_vo_actor_Tomb_Kings_Tomb_King	true	-1	false	true	true	true	tmb_dynasties		
wh2_dlc09_tmb_tomb_king_setep	false	false		wh2_dlc09_tmb_cha_tomb_king_0	wh2_dlc09_vo_actor_Tomb_Kings_Tomb_King	true	-1	false	true	true	true	tmb_dynasties		
wh2_dlc09_tmb_tomb_king_thutep	false	false		wh2_dlc09_tmb_cha_tomb_king_0	wh2_dlc09_vo_actor_Tomb_Kings_Tomb_King	true	-1	false	true	true	true	tmb_dynasties		
wh2_dlc09_tmb_tomb_king_wakhaf	false	false		wh2_dlc09_tmb_cha_tomb_king_0	wh2_dlc09_vo_actor_Tomb_Kings_Tomb_King	true	-1	false	true	true	true	tmb_dynasties		
wh2_dlc09_tmb_tomb_prince	true	false		wh2_dlc09_tmb_cha_tomb_prince_0	wh2_dlc09_vo_actor_Tomb_Kings_Tomb_Prince	true	-1	false	true	true	true			
wh2_dlc10_def_crone_hellebron	false	false		wh2_dlc10_def_cha_crone_0	wh2_dlc10_vo_actor_Dark_Elves_Crone_Hellebron	true	-1	true	true	false	true	legendary_lords		
wh2_dlc10_def_mon_war_hydra_boss	true	true	ui/campaign ui/agents/paladin.png	wh2_dlc10_def_mon_war_hydra_boss	wh_main_vo_actor_default	true	-1	false	true	true	true			
wh2_dlc10_def_sorceress_beasts	true	true	ui/campaign ui/agents/wh_dlc03_lore_beasts.png	wh2_dlc10_def_cha_sorceress_beasts_0	wh2_main_vo_actor_Dark_Elves_Sorceress	true	-1	true	true	true	true			
wh2_dlc10_def_sorceress_death	true	true	ui/campaign ui/agents/wh_main_lore_death.png	wh2_dlc10_def_cha_sorceress_death_0	wh2_main_vo_actor_Dark_Elves_Sorceress	true	-1	true	true	true	true			
wh2_dlc10_def_supreme_sorceress_beasts	true	true	ui/campaign ui/agents/wh_dlc03_lore_beasts.png	wh2_dlc10_def_cha_supreme_sorceress_beasts_0	wh2_dlc10_vo_actor_Dark_Elves_Supreme_Sorceress	true	-1	true	true	true	true	def_supreme_sorceress	wh_dlc03_lore_beasts	
wh2_dlc10_def_supreme_sorceress_dark	true	true	ui/campaign ui/agents/wh2_main_lore_dark_magic.png	wh2_dlc10_def_cha_supreme_sorceress_dark_0	wh2_dlc10_vo_actor_Dark_Elves_Supreme_Sorceress	true	-1	true	true	true	true	def_supreme_sorceress	wh2_main_lore_dark_magic	
wh2_dlc10_def_supreme_sorceress_death	true	true	ui/campaign ui/agents/wh_main_lore_death.png	wh2_dlc10_def_cha_supreme_sorceress_death_0	wh2_dlc10_vo_actor_Dark_Elves_Supreme_Sorceress	true	-1	true	true	true	true	def_supreme_sorceress	wh_main_lore_death	
wh2_dlc10_def_supreme_sorceress_fire	true	true	ui/campaign ui/agents/wh_main_lore_fire.png	wh2_dlc10_def_cha_supreme_sorceress_fire_0	wh2_dlc10_vo_actor_Dark_Elves_Supreme_Sorceress	true	-1	true	true	true	true	def_supreme_sorceress	wh_main_lore_fire	
wh2_dlc10_def_supreme_sorceress_shadow	true	true	ui/campaign ui/agents/wh_dlc05_lore_shadow.png	wh2_dlc10_def_cha_supreme_sorceress_shadow_0	wh2_dlc10_vo_actor_Dark_Elves_Supreme_Sorceress	true	-1	true	true	true	true	def_supreme_sorceress	wh_dlc05_lore_shadows	
wh2_dlc10_hef_alarielle	false	true		wh2_dlc10_hef_cha_alarielle_the_radiant_0	wh2_dlc10_vo_actor_High_Elves_Arielle_the_Radiant	true	-1	true	true	true	true	legendary_lords		
wh2_dlc10_hef_alith_anar	false	false		wh2_dlc10_hef_cha_alith_anar_0	wh2_dlc10_vo_actor_High_Elves_Alith_Anar	true	-1	false	true	true	true	legendary_lords		
wh2_dlc10_hef_handmaiden	true	false	ui/campaign ui/agents/wh2_dlc10_hef_handmaiden.png	wh2_dlc10_hef_cha_handmaiden_0	wh2_dlc10_vo_actor_High_Elves_Handmaiden_of_the_Everqueen	true	-1	true	true	true	true			
wh2_dlc10_hef_mage_heavens	true	true	ui/campaign ui/agents/wh_main_lore_heavens.png	wh2_dlc10_hef_cha_mage_heavens_0	wh2_main_vo_actor_High_Elves_Mage	true	-1	false	true	true	true			
wh2_dlc10_hef_mage_shadows	true	true	ui/campaign ui/agents/wh_dlc05_lore_shadow.png	wh2_dlc10_hef_cha_mage_shadows_0	wh2_main_vo_actor_High_Elves_Mage	true	-1	true	true	true	true			
wh2_dlc10_hef_shadow_walker	true	false	ui/campaign ui/agents/wh2_dlc10_hef_hand_of_the_shadowking.png	wh2_dlc10_hef_cha_shadow_walker	wh2_dlc10_vo_actor_High_Elves_Shadow_Walker	true	-1	false	false	true	true			
wh2_dlc10_lzd_mon_carnosaur_boss	false	false		wh2_dlc10_lzd_mon_carnosaur_boss	wh_main_vo_actor_default	true	-1	false	true	true	true			
wh2_dlc10_nor_phoenix_flamespyre_boss	false	false		wh2_dlc10_nor_mon_phoenix_flamespyre_boss	wh_main_vo_actor_default	true	-1	false	true	true	true			
wh2_dlc10_skv_mon_hell_pit_abomination_boss	true	true	ui/campaign ui/agents/paladin.png	wh2_dlc10_skv_mon_hell_pit_abomination_boss	wh_main_vo_actor_default	true	-1	false	true	true	true			
wh2_dlc11_cst_admiral	true	true	ui/campaign ui/agents/wh_main_lore_vampires.png	wh2_dlc11_cst_cha_vampire_fleet_admiral_0	wh2_dlc11_vo_actor_VampireCoast_Fleet_Admiral_Male	true	-1	false	true	true	true	cst_vampire_fleet_admiral	wh_main_lore_vampires	
wh2_dlc11_cst_admiral_death	true	true	ui/campaign ui/agents/wh_main_lore_death.png	wh2_dlc11_cst_cha_vampire_fleet_admiral_death_0	wh2_dlc11_vo_actor_VampireCoast_Fleet_Admiral_Male	true	-1	false	true	true	true	cst_vampire_fleet_admiral	wh_main_lore_death	
wh2_dlc11_cst_admiral_deep	true	true	ui/campaign ui/agents/wh2_main_lore_deeps.png	wh2_dlc11_cst_cha_vampire_fleet_admiral_deeps_0	wh2_dlc11_vo_actor_VampireCoast_Fleet_Admiral_Male	true	-1	false	true	true	true	cst_vampire_fleet_admiral	wh2_dlc11_lore_deep	
wh2_dlc11_cst_admiral_fem	true	true	ui/campaign ui/agents/wh_main_lore_vampires.png	wh2_dlc11_cst_cha_vampire_fleet_admiral_female_0	wh2_dlc11_vo_actor_VampireCoast_Fleet_Admiral_Female	true	-1	true	true	true	true	cst_vampire_fleet_admiral_female	wh_main_lore_vampires	
wh2_dlc11_cst_admiral_fem_death	true	true	ui/campaign ui/agents/wh_main_lore_death.png	wh2_dlc11_cst_cha_vampire_fleet_admiral_female_death_0	wh2_dlc11_vo_actor_VampireCoast_Fleet_Admiral_Female	true	-1	true	true	true	true	cst_vampire_fleet_admiral_female	wh_main_lore_death	
wh2_dlc11_cst_admiral_fem_deep	true	true	ui/campaign ui/agents/wh2_main_lore_deeps.png	wh2_dlc11_cst_cha_vampire_fleet_admiral_female_deeps_0	wh2_dlc11_vo_actor_VampireCoast_Fleet_Admiral_Female	true	-1	true	true	true	true	cst_vampire_fleet_admiral_female	wh2_dlc11_lore_deep	
wh2_dlc11_cst_admiral_tech_01	false	true		wh2_dlc11_cst_cha_vampire_fleet_admiral_0	wh2_dlc11_vo_actor_VampireCoast_Fleet_Admiral_Male	true	-1	false	true	false	true	cst_legendary_admirals		
wh2_dlc11_cst_admiral_tech_02	false	true		wh2_dlc11_cst_cha_vampire_fleet_admiral_deeps_0	wh2_dlc11_vo_actor_VampireCoast_Fleet_Admiral_Male	true	-1	false	true	false	true	cst_legendary_admirals		
wh2_dlc11_cst_admiral_tech_03	false	true		wh2_dlc11_cst_cha_vampire_fleet_admiral_death_0	wh2_dlc11_vo_actor_VampireCoast_Fleet_Admiral_Male	true	-1	false	true	false	true	cst_legendary_admirals		
wh2_dlc11_cst_admiral_tech_04	false	true		wh2_dlc11_cst_cha_vampire_fleet_admiral_female_0	wh2_dlc11_vo_actor_VampireCoast_Fleet_Admiral_Female	true	-1	true	true	false	true	cst_legendary_admirals		
wh2_dlc11_cst_aranessa	false	false		wh2_dlc11_cst_cha_aranessa_0	wh2_dlc11_vo_actor_VampireCoast_Aranessa_Saltspite	true	-1	true	true	false	true	legendary_lords		
wh2_dlc11_cst_cylostra	false	true		wh2_dlc11_cst_cha_cylostra_direfin_0	wh2_dlc11_vo_actor_VampireCoast_Cylostra_Direfin	true	-1	true	true	false	true	legendary_lords		
wh2_dlc11_cst_fleet_captain	true	true	ui/campaign ui/agents/wh_main_lore_vampires.png	wh2_dlc11_cst_cha_vampire_fleet_captain_0	wh2_dlc11_vo_actor_VampireCoast_Fleet_Captain	true	-1	true	true	true	true			
wh2_dlc11_cst_fleet_captain_death	true	true	ui/campaign ui/agents/wh_main_lore_death.png	wh2_dlc11_cst_cha_vampire_fleet_captain_death_0	wh2_dlc11_vo_actor_VampireCoast_Fleet_Captain	true	-1	true	true	true	true			
wh2_dlc11_cst_fleet_captain_deep	true	true	ui/campaign ui/agents/wh2_main_lore_deeps.png	wh2_dlc11_cst_cha_vampire_fleet_captain_deeps_0	wh2_dlc11_vo_actor_VampireCoast_Fleet_Captain	true	-1	true	true	true	true			
wh2_dlc11_cst_ghost_paladin	true	false	ui/campaign ui/agents/wh_main_brt_champion.png	wh2_dlc11_cst_cha_damned_paladin_0	wh2_dlc11_vo_actor_VampireCoast_Damned_Paladin	false	-1	false	true	false	true			
wh2_dlc11_cst_gunnery_wight	true	false		wh2_dlc11_cst_cha_gunnery_wight_0	wh2_dlc11_vo_actor_VampireCoast_Gunnery_Wight	true	-1	false	true	false	true			
wh2_dlc11_cst_harkon	false	false		wh2_dlc11_cst_cha_luthor_harkon_0	wh2_dlc11_vo_actor_VampireCoast_Luthor_Harkon	true	-1	false	true	false	true	legendary_lords		
wh2_dlc11_cst_mourngul	true	false		wh2_dlc11_cst_cha_mourngul_haunter	wh2_dlc11_vo_actor_VampireCoast_Mourngul_Haunter	true	-1	false	true	false	true			
wh2_dlc11_cst_noctilus	false	true		wh2_dlc11_cst_inf_count_noctilus_0	wh2_dlc11_vo_actor_VampireCoast_Count_Noctuilus	true	-1	false	true	false	true	legendary_lords		
wh2_dlc11_def_lokhir	false	false		wh2_dlc11_def_cha_lokhir_fellheart_0	wh2_dlc11_vo_actor_Dark_Elves_Lokhir_Fellheart	true	-1	false	true	false	true	legendary_lords		
wh2_dlc11_vmp_bloodline_blood_dragon	false	true		wh2_dlc11_vmp_cha_bloodline_blood_dragon_lord_0	wh_main_vo_actor_Vampire_Lord	true	-1	false	true	true	true	vmp_bloodlines		
wh2_dlc11_vmp_bloodline_lahmian	false	true		wh2_dlc11_vmp_cha_bloodline_lahmian_lord_0	wh_main_vo_actor_Vampire_FemaleVamp	true	-1	true	true	true	true	vmp_bloodlines		
wh2_dlc11_vmp_bloodline_necrarch	false	true		wh2_dlc11_vmp_cha_bloodline_necrarch_lord_0	wh_main_vo_actor_Vampire_MasterNecromancer	true	-1	false	true	true	true	vmp_bloodlines		
wh2_dlc11_vmp_bloodline_strigoi	false	true		wh2_dlc11_vmp_cha_bloodline_strigoi_lord_0	wh_dlc04_vo_actor_Vampire_dlc04_Strigoi_Ghoul_King	true	-1	false	true	true	true	vmp_bloodlines		
wh2_dlc11_vmp_bloodline_von_carstein	false	true		wh2_dlc11_vmp_cha_bloodline_von_carstein_lord_0	wh_main_vo_actor_Vampire_Lord	true	-1	false	true	true	true	vmp_bloodlines		
wh2_dlc12_lzd_lord_kroak	false	true	ui/campaign ui/agents/wh2_main_lzd_slann_mage_priest.png	wh2_dlc12_lzd_lzd_cha_kroak_0	wh2_dlc12_vo_actor_Lizardmen_Lord_Kroak	false	1	false	true	false	false			
wh2_dlc12_lzd_lord_kroak_boss	false	true	ui/campaign ui/agents/wh2_main_lzd_slann_mage_priest.png	wh2_dlc12_lzd_lzd_cha_kroak_0_boss	wh2_dlc12_vo_actor_Lizardmen_Lord_Kroak	false	1	false	true	false	false			
wh2_dlc12_lzd_red_crested_skink_chief	true	false		wh2_dlc12_lzd_cha_skink_chief_red_crested_0	wh2_dlc12_vo_actor_Lizardmen_Red_Crested_Skink_Chief	true	-1	false	true	true	true	lzd_red_crested_skink_chief		
wh2_dlc12_lzd_red_crested_skink_chief_legendary	false	false		wh2_dlc12_lzd_cha_skink_chief_red_crested_0	wh2_dlc12_vo_actor_Lizardmen_Red_Crested_Skink_Chief	true	-1	false	true	true	true	lzd_red_crested_skink_chief		
wh2_dlc12_lzd_tehenhauin	false	true		wh2_dlc12_lzd_cha_tehenhauin_0	wh2_dlc12_vo_actor_Lizardmen_Tehenhauin	true	-1	false	true	true	true	legendary_lords		
wh2_dlc12_lzd_tiktaqto	false	false		wh2_dlc12_lzd_cha_tiktaqto_1	wh2_dlc12_vo_actor_Lizardmen_Tiktaqto	true	-1	false	true	true	true	legendary_lords		
wh2_dlc12_lzd_tlaqua_skink_chief	true	false		wh2_main_lzd_cha_skink_chief_0	wh2_main_vo_actor_Lizardmen_Chamelion_Skink_Chief	true	-1	false	true	true	true			
wh2_dlc12_lzd_tlaqua_skink_priest_beasts	true	true	ui/campaign ui/agents/wh_dlc03_lore_beasts.png	wh2_main_lzd_cha_skink_priest_beasts_0	wh2_main_vo_actor_Lizardmen_Skink_Priest	true	-1	false	true	true	true			
wh2_dlc12_lzd_tlaqua_skink_priest_heavens	true	true	ui/campaign ui/agents/wh_main_lore_heavens.png	wh2_main_lzd_cha_skink_priest_heavens_0	wh2_main_vo_actor_Lizardmen_Skink_Priest	true	-1	false	true	true	true			
wh2_dlc12_skv_ikit_claw	false	true		wh2_dlc12_skv_cha_ikit_claw_0	wh2_dlc12_vo_actor_Skaven_Ikit_Claw	true	-1	false	true	false	true	legendary_lords		
wh2_dlc12_skv_warlock_master	true	true		wh2_dlc12_skv_cha_warlock_master_0	wh2_dlc12_vo_actor_Skaven_Warlock_Master	true	-1	false	true	true	true	skv_warlock_master		
wh2_dlc13_emp_cha_huntsmarshal_0	true	false		wh2_dlc13_emp_cha_huntsmarshal_0	wh2_dlc13_vo_actor_Empire_Huntsmarshal	true	-1	false	true	true	true	emp_huntsmarshal		
wh2_dlc13_emp_cha_markus_wulfhart_0	false	false		wh2_dlc13_emp_cha_markus_wulfhart_0	wh2_dlc13_vo_actor_Empire_Markus_Wulfhart	true	-1	false	true	true	true	legendary_lords		
wh2_dlc13_emp_hunter_doctor_hertwig_van_hal	false	false	ui/campaign ui/agents/wh_main_emp_spy.png	wh2_dlc13_emp_cha_hunter_doctor_hertwig_van_hal_0	wh2_dlc13_vo_actor_Doctor_Hertwig_Van_Hal	false	-1	false	true	false	false			
wh2_dlc13_emp_hunter_jorek_grimm	false	false	ui/campaign ui/agents/wh_main_dwf_engineer.png	wh2_dlc13_emp_cha_hunter_jorek_grimm_0	wh2_dlc13_vo_actor_Jorek_Grimm	false	-1	false	true	false	false			
wh2_dlc13_emp_hunter_kalara_of_wydrioth	false	false	ui/campaign ui/agents/wh_dlc05_wef_spy.png	wh2_dlc13_emp_cha_hunter_kalara_of_wydrioth_0	wh2_dlc13_vo_actor_Kalara_of_Wydrioth	false	-1	true	true	false	false			
wh2_dlc13_emp_hunter_rodrik_l_anguille	false	false	ui/campaign ui/agents/wh_main_brt_champion.png	wh2_dlc13_emp_cha_hunter_rodrik_l_anguille_0	wh2_dlc13_vo_actor_Rodrik_LAnguille	false	-1	false	true	false	false			
wh2_dlc13_lzd_gor_rok	false	false		wh2_dlc13_lzd_cha_gor_rok_0	wh2_dlc13_vo_actor_Lizardmen_Gor_Rok	true	-1	false	true	true	true	legendary_lords		
wh2_dlc13_lzd_kroxigor_ancient	true	false		wh2_dlc13_lzd_cha_kroxigor_ancient_0	wh2_dlc13_vo_actor_Ancient_Kroxigor	true	-1	false	true	true	true	lzd_kroxigor_ancient		
wh2_dlc13_lzd_kroxigor_ancient_horde	true	false		wh2_dlc13_lzd_cha_kroxigor_ancient_0	wh2_dlc13_vo_actor_Ancient_Kroxigor	true	-1	false	true	true	true	lzd_kroxigor_ancient		
wh2_dlc13_lzd_nakai	false	false		wh2_dlc13_lzd_cha_nakai_0	wh2_dlc13_vo_actor_Lizardmen_Nakai	true	-1	false	true	true	true	legendary_lords		
wh2_dlc13_lzd_red_crested_skink_chief_horde	true	false		wh2_dlc12_lzd_cha_skink_chief_red_crested_0	wh2_dlc12_vo_actor_Lizardmen_Red_Crested_Skink_Chief	true	-1	false	true	true	true	lzd_red_crested_skink_chief		
wh2_dlc13_lzd_saurus_old_blood_horde	true	false		wh2_main_lzd_cha_saurus_old_blood_0	wh2_main_vo_actor_Lizardmen_Saurus_Old_Blood_Lord	true	-1	false	true	true	true	lzd_saurus_old_blood		
wh2_dlc13_lzd_skink_chief_horde	true	false		wh2_main_lzd_cha_skink_chief_0	wh2_main_vo_actor_Lizardmen_Chamelion_Skink_Chief	true	-1	false	true	true	true			
wh2_dlc13_lzd_slann_mage_priest_fire	false	true	ui/campaign ui/agents/wh2_main_lzd_slann_mage_priest.png	wh2_dlc13_lzd_cha_slann_mage_priest_fire_0	wh2_main_vo_actor_Lizardmen_Slann_Mage_Priest	true	-1	true	true	true	true	lzd_slann_mage_priest	wh_main_lore_fire	
wh2_dlc13_lzd_slann_mage_priest_fire_horde	false	true	ui/campaign ui/agents/wh2_main_lzd_slann_mage_priest.png	wh2_dlc13_lzd_cha_slann_mage_priest_fire_0	wh2_main_vo_actor_Lizardmen_Slann_Mage_Priest	true	-1	true	true	true	true	lzd_slann_mage_priest	wh_main_lore_fire	
wh2_dlc13_lzd_slann_mage_priest_high	false	true	ui/campaign ui/agents/wh2_main_lzd_slann_mage_priest.png	wh2_main_lzd_cha_slann_mage_priest_high_0	wh2_main_vo_actor_Lizardmen_Slann_Mage_Priest	true	-1	true	true	true	true	lzd_slann_mage_priest	wh2_main_lore_high_magic	
wh2_dlc13_lzd_slann_mage_priest_high_horde	false	true	ui/campaign ui/agents/wh2_main_lzd_slann_mage_priest.png	wh2_main_lzd_cha_slann_mage_priest_high_0	wh2_main_vo_actor_Lizardmen_Slann_Mage_Priest	true	-1	true	true	true	true	lzd_slann_mage_priest	wh2_main_lore_high_magic	
wh2_dlc13_lzd_slann_mage_priest_life	false	true	ui/campaign ui/agents/wh2_main_lzd_slann_mage_priest.png	wh2_dlc13_lzd_cha_slann_mage_priest_life_0	wh2_main_vo_actor_Lizardmen_Slann_Mage_Priest	true	-1	true	true	true	true	lzd_slann_mage_priest	wh_dlc05_lore_life	
wh2_dlc13_lzd_slann_mage_priest_life_horde	false	true	ui/campaign ui/agents/wh2_main_lzd_slann_mage_priest.png	wh2_dlc13_lzd_cha_slann_mage_priest_life_0	wh2_main_vo_actor_Lizardmen_Slann_Mage_Priest	true	-1	true	true	true	true	lzd_slann_mage_priest	wh_dlc05_lore_life	
wh2_dlc14_brt_henri_le_massif	false	false	ui/campaign ui/agents/wh_main_brt_champion.png	wh2_dlc14_brt_cha_henri_le_massif_0	wh2_dlc14_vo_actor_Bretonnia_Henri_Le_Massif	false	1	false	true	true	false			
wh2_dlc14_brt_repanse	false	false		wh2_dlc14_brt_cha_repanse_de_lyonesse_0	wh2_dlc14_vo_actor_Bretonnia_Repanse_De_Lyonese	true	-1	true	true	true	true	legendary_lords		
wh2_dlc14_def_high_beastmaster	true	false		wh2_dlc14_def_cha_high_beastmaster_0	wh2_dlc14_vo_actor_Dark_Elf_High_Beastmaster	true	-1	false	true	true	true	def_high_beastmaster		
wh2_dlc14_def_malus_darkblade	false	false		wh2_dlc14_def_cha_malus_darkblade_0	wh2_dlc14_vo_actor_Dark_Elf_Malus_Darkblade	true	-1	false	true	false	true	legendary_lords		
wh2_dlc14_def_malus_darkblade_mp	false	false		wh2_dlc14_def_cha_malus_darkblade_0_mp	wh2_dlc14_vo_actor_Dark_Elf_Malus_Darkblade	true	-1	false	true	false	true	legendary_lords		
wh2_dlc14_def_master	true	false		wh2_dlc14_def_cha_master_0	wh2_dlc14_vo_actor_Dark_Elf_Master	true	-1	false	true	true	true			
wh2_dlc14_dummy_tzarkan	false	false			wh2_dlc14_vo_actor_Wild_TzArkan	false	-1	false	false	false	false			
wh2_dlc14_skv_deathmaster_snikch	false	false		wh2_dlc14_skv_cha_deathmaster_snikch_0	wh2_dlc14_vo_actor_Skaven_Snikch	true	-1	false	true	false	true	legendary_lords		
wh2_dlc14_skv_eshin_sorcerer	true	true	ui/campaign ui/agents/wh2_dlc14_lore_stealth.png	wh2_dlc14_skv_cha_eshin_sorcerer_0	wh2_dlc14_vo_actor_Skaven_Eshin_Sorcerer	true	-1	false	true	true	true			
wh2_dlc14_skv_master_assassin	true	false		wh2_dlc14_skv_cha_master_assassin_0	wh2_dlc14_vo_actor_Skaven_Master_Assassin	true	-1	false	true	true	true	skv_master_assassin		
wh2_dlc15_grn_goblin_great_shaman_raknik	false	true		wh_main_grn_cha_goblin_great_shaman_0	wh_main_vo_actor_Goblin_GreatShaman	true	-1	false	true	true	true	grn_workshop		
wh2_dlc15_grn_grom_the_paunch	false	false		wh2_dlc15_grn_cha_grom_the_paunch_0	wh2_dlc15_vo_actor_Goblin_Grom	true	-1	false	true	false	true	legendary_lords		WH_MAIN_VO_CULTURE_GOBLIN
wh2_dlc15_grn_orc_warboss_oglok	false	false		wh_main_grn_cha_orc_warboss_0	wh_main_vo_actor_Orc_Warboss	true	-1	false	true	true	true	grn_workshop		
wh2_dlc15_grn_river_troll_hag	true	true	ui/campaign ui/agents/wh2_main_lore_dark_magic.png	wh2_dlc15_grn_cha_river_troll_hag_0	wh2_dlc15_vo_actor_Troll_River_Troll_Hag	true	-1	true	true	false	true			WH_MAIN_VO_CULTURE_TROLL
wh2_dlc15_hef_archmage_beasts	true	true	UI/Campaign UI/Agents/wh_dlc03_lore_beasts.png	wh2_dlc15_hef_cha_archmage_beasts_0	wh2_dlc15_vo_actor_High_Elves_Arch_Mage	true	-1	true	true	true	true	hef_archmage	wh_dlc03_lore_beasts	
wh2_dlc15_hef_archmage_death	true	true	UI/Campaign UI/Agents/wh_main_lore_death.png	wh2_dlc15_hef_cha_archmage_death_0	wh2_dlc15_vo_actor_High_Elves_Arch_Mage	true	-1	true	true	true	true	hef_archmage	wh_main_lore_death	
wh2_dlc15_hef_archmage_fire	true	true	UI/Campaign UI/Agents/wh_main_lore_fire.png	wh2_dlc15_hef_cha_archmage_fire_0	wh2_dlc15_vo_actor_High_Elves_Arch_Mage	true	-1	true	true	true	true	hef_archmage	wh_main_lore_fire	
wh2_dlc15_hef_archmage_heavens	true	true	ui/campaign ui/agents/wh_main_lore_heavens.png	wh2_dlc15_hef_cha_archmage_heavens_0	wh2_dlc15_vo_actor_High_Elves_Arch_Mage	true	-1	false	true	true	true	hef_archmage	wh_main_lore_heavens	
wh2_dlc15_hef_archmage_high	true	true	ui/campaign ui/agents/wh2_main_lore_high_magic.png	wh2_dlc15_hef_cha_archmage_high_0	wh2_dlc15_vo_actor_High_Elves_Arch_Mage	true	-1	true	true	true	true	hef_archmage	wh2_main_lore_high_magic	
wh2_dlc15_hef_archmage_life	true	true	ui/campaign ui/agents/wh_dlc05_lore_life.png	wh2_dlc15_hef_cha_archmage_life_0	wh2_dlc15_vo_actor_High_Elves_Arch_Mage	true	-1	true	true	true	true	hef_archmage	wh_dlc05_lore_life	
wh2_dlc15_hef_archmage_light	true	true	ui/campaign ui/agents/wh_main_lore_light.png	wh2_dlc15_hef_cha_archmage_light_0	wh2_dlc15_vo_actor_High_Elves_Arch_Mage	true	-1	true	true	true	true	hef_archmage	wh_main_lore_light	
wh2_dlc15_hef_archmage_metal	true	true	UI/Campaign UI/Agents/wh_main_lore_metal.png	wh2_dlc15_hef_cha_archmage_metal_0	wh2_dlc15_vo_actor_High_Elves_Arch_Mage	true	-1	true	true	true	true	hef_archmage	wh_main_lore_metal	
wh2_dlc15_hef_archmage_shadows	true	true	ui/campaign ui/agents/wh_dlc05_lore_shadow.png	wh2_dlc15_hef_cha_archmage_shadows_0	wh2_dlc15_vo_actor_High_Elves_Arch_Mage	true	-1	true	true	true	true	hef_archmage	wh_dlc05_lore_shadows	
wh2_dlc15_hef_black_dragon_boss_imrik	false	false		wh2_dlc15_hef_mon_black_dragon_imrik_boss	wh_main_vo_actor_default	true	-1	false	true	true	true			
wh2_dlc15_hef_eltharion	false	true		wh2_dlc15_hef_cha_eltharion_the_grim_0	wh2_dlc15_vo_actor_High_Elves_Eltharion	true	-1	false	true	false	true	legendary_lords		
wh2_dlc15_hef_forest_dragon_boss_imrik	false	false		wh2_dlc15_hef_mon_forest_dragon_imrik_boss	wh_main_vo_actor_default	true	-1	false	true	true	true			
wh2_dlc15_hef_imrik	false	false		wh2_dlc15_hef_cha_imrik_0	wh2_dlc15_vo_actor_High_Elves_Imrik	true	-1	false	true	false	true	legendary_lords		
wh2_dlc15_hef_mage_beasts	true	true	UI/Campaign UI/Agents/wh_dlc03_lore_beasts.png	wh2_dlc15_hef_cha_mage_beasts_0	wh2_main_vo_actor_High_Elves_Mage	true	-1	true	true	true	true			
wh2_dlc15_hef_mage_death	true	true	UI/Campaign UI/Agents/wh_main_lore_death.png	wh2_dlc15_hef_cha_mage_death_0	wh2_main_vo_actor_High_Elves_Mage	true	-1	true	true	true	true			
wh2_dlc15_hef_mage_fire	true	true	UI/Campaign UI/Agents/wh_main_lore_fire.png	wh2_dlc15_hef_cha_mage_fire_0	wh2_main_vo_actor_High_Elves_Mage	true	-1	true	true	true	true			
wh2_dlc15_hef_mage_metal	true	true	UI/Campaign UI/Agents/wh_main_lore_metal.png	wh2_dlc15_hef_cha_mage_metal_0	wh2_main_vo_actor_High_Elves_Mage	true	-1	true	true	true	true			
wh2_dlc15_hef_moon_dragon_boss_imrik	false	false		wh2_dlc15_hef_mon_moon_dragon_imrik_boss	wh_main_vo_actor_default	true	-1	false	true	true	true			
wh2_dlc15_hef_star_dragon_boss_imrik	false	false		wh2_dlc15_hef_mon_star_dragon_imrik_boss	wh_main_vo_actor_default	true	-1	false	true	true	true			
wh2_dlc15_hef_sun_dragon_boss_imrik	false	false		wh2_dlc15_hef_mon_sun_dragon_imrik_boss	wh_main_vo_actor_default	true	-1	false	true	true	true			
wh2_main_def_black_ark	false	false	ui/campaign ui/agents/wh2_main_def_black_ark.png	wh2_main_def_cha_dreadlord_0_black_ark	wh2_main_vo_actor_Dark_Elves_Dreadlord	true	-1	false	true	false	true			
wh2_main_def_death_hag	true	false		wh2_main_def_cha_death_hag_0	wh2_main_vo_actor_Dark_Elves_Death_Hag	true	-1	true	true	true	true			
wh2_main_def_dreadlord	true	false		wh2_main_def_cha_dreadlord_0	wh2_main_vo_actor_Dark_Elves_Dreadlord	true	-1	false	true	true	true	def_dreadlord		
wh2_main_def_dreadlord_fem	true	false		wh2_main_def_cha_dreadlord_female_0	wh2_main_vo_actor_Dark_Elves_DreadlordFemale	true	-1	true	true	true	true	def_dreadlord_female		
wh2_main_def_khainite_assassin	true	false		wh2_main_def_cha_khainite_assassin_0	wh_vo_actor_silent	true	-1	false	true	true	true			
wh2_main_def_malekith	false	true		wh2_main_def_cha_malekith_0	wh2_main_vo_actor_Dark_Elves_Malekith	true	-1	false	true	false	true	legendary_lords		
wh2_main_def_morathi	false	true		wh2_main_def_cha_morathi_0	wh2_main_vo_actor_Dark_Elves_Morathi	true	-1	false	true	false	true	legendary_lords		
wh2_main_def_sorceress_dark	true	true	ui/campaign ui/agents/wh2_main_lore_dark_magic.png	wh2_main_def_cha_sorceress_dark_0	wh2_main_vo_actor_Dark_Elves_Sorceress	true	-1	true	true	true	true			
wh2_main_def_sorceress_fire	true	true	ui/campaign ui/agents/wh_main_lore_fire.png	wh2_main_def_cha_sorceress_fire_0	wh2_main_vo_actor_Dark_Elves_Sorceress	true	-1	true	true	true	true			
wh2_main_def_sorceress_shadow	true	true	ui/campaign ui/agents/wh_dlc05_lore_shadow.png	wh2_main_def_cha_sorceress_shadow_0	wh2_main_vo_actor_Dark_Elves_Sorceress	true	-1	true	true	true	true			
wh2_main_hef_loremaster_of_hoeth	true	true		wh2_main_hef_cha_loremaster_of_hoeth_0	wh2_main_vo_actor_High_Elves_Loremasters_of_Hoeth	true	-1	false	true	true	true			
wh2_main_hef_mage_high	true	true	ui/campaign ui/agents/wh2_main_lore_high_magic.png	wh2_main_hef_cha_mage_high_0	wh2_main_vo_actor_High_Elves_Mage	true	-1	true	true	true	true			
wh2_main_hef_mage_life	true	true	ui/campaign ui/agents/wh_dlc05_lore_life.png	wh2_main_hef_cha_mage_life_0	wh2_main_vo_actor_High_Elves_Mage	true	-1	true	true	true	true			
wh2_main_hef_mage_light	true	true	ui/campaign ui/agents/wh_main_lore_light.png	wh2_main_hef_cha_mage_light_0	wh2_main_vo_actor_High_Elves_Mage	true	-1	true	true	true	true			
wh2_main_hef_noble	true	false		wh2_main_hef_cha_noble_0	wh2_main_vo_actor_High_Elves_Noble	true	-1	false	true	true	true			
wh2_main_hef_prince	true	false		wh2_main_hef_cha_prince_0	wh2_main_vo_actor_High_Elves_Prince	true	-1	false	true	true	true	hef_prince		
wh2_main_hef_prince_alastar	false	false		wh2_main_hef_cha_alastair_0	wh2_main_vo_actor_High_Elves_Prince	true	-1	false	true	true	true	legendary_lords		
wh2_main_hef_princess	true	false		wh2_main_hef_cha_princess_0	wh2_main_vo_actor_High_Elves_Princess	true	-1	true	true	true	true	hef_princess		
wh2_main_hef_teclis	false	true		wh2_main_hef_cha_teclis_0	wh2_main_vo_actor_High_Elves_Teclis	true	-1	false	true	true	true	legendary_lords		
wh2_main_hef_tyrion	false	false		wh2_main_hef_cha_tyrion_0	wh2_main_vo_actor_High_Elves_Tyrion	true	-1	false	true	true	true	legendary_lords		
wh2_main_lzd_kroq_gar	false	false		wh2_main_lzd_cha_kroq_gar_0	wh2_main_vo_actor_Lizardmen_Kroq_Gar_Saurus	true	-1	false	true	true	true	legendary_lords		
wh2_main_lzd_lord_mazdamundi	false	true		wh2_main_lzd_cha_lord_mazdamundi_0	wh2_main_vo_actor_Lizardmen_Lord_Mazdamundi	true	-1	false	true	true	true	legendary_lords		
wh2_main_lzd_saurus_old_blood	true	false		wh2_main_lzd_cha_saurus_old_blood_0	wh2_main_vo_actor_Lizardmen_Saurus_Old_Blood_Lord	true	-1	false	true	true	true	lzd_saurus_old_blood		
wh2_main_lzd_saurus_scar_veteran	true	false		wh2_main_lzd_cha_saurus_scar_veteran_0	wh2_main_vo_actor_Lizardmen_Saurus_Scar_Veteran	true	-1	false	true	true	true			
wh2_main_lzd_skink_chief	true	false		wh2_main_lzd_cha_skink_chief_0	wh2_main_vo_actor_Lizardmen_Chamelion_Skink_Chief	true	-1	false	true	true	true			
wh2_main_lzd_skink_priest_beasts	true	true	ui/campaign ui/agents/wh_dlc03_lore_beasts.png	wh2_main_lzd_cha_skink_priest_beasts_0	wh2_main_vo_actor_Lizardmen_Skink_Priest	true	-1	false	true	true	true			
wh2_main_lzd_skink_priest_heavens	true	true	ui/campaign ui/agents/wh_main_lore_heavens.png	wh2_main_lzd_cha_skink_priest_heavens_0	wh2_main_vo_actor_Lizardmen_Skink_Priest	true	-1	false	true	true	true			
wh2_main_lzd_slann_mage_priest	false	true	ui/campaign ui/agents/wh2_main_lzd_slann_mage_priest.png	wh2_main_lzd_cha_slann_mage_priest_light_0	wh2_main_vo_actor_Lizardmen_Slann_Mage_Priest	true	-1	true	true	true	true	lzd_slann_mage_priest	wh_main_lore_heavens	
wh2_main_lzd_slann_mage_priest_horde	false	true	ui/campaign ui/agents/wh2_main_lzd_slann_mage_priest.png	wh2_main_lzd_cha_slann_mage_priest_light_0	wh2_main_vo_actor_Lizardmen_Slann_Mage_Priest	true	-1	true	true	true	true	lzd_slann_mage_priest	wh_main_lore_heavens	
wh2_main_skv_assassin	true	false		wh2_main_skv_cha_assassin	wh2_main_vo_actor_Skaven_Assassin	true	-1	false	true	true	true			
wh2_main_skv_grey_seer_plague	true	true	ui/campaign ui/agents/wh2_main_lore_plague.png	wh2_main_skv_cha_grey_seer_plague_0	wh2_main_vo_actor_Skaven_Grey_Seer	true	-1	false	true	true	true	skv_grey_seer	wh2_main_lore_plague	
wh2_main_skv_grey_seer_ruin	true	true	ui/campaign ui/agents/wh2_main_lore_ruin.png	wh2_main_skv_cha_grey_seer_ruin_0	wh2_main_vo_actor_Skaven_Grey_Seer	true	-1	false	true	true	true	skv_grey_seer	wh2_main_lore_ruin	
wh2_main_skv_lord_skrolk	false	true		wh2_main_skv_cha_lord_skrolk	wh2_main_vo_actor_Skaven_Lord_Skrolk	true	-1	false	true	false	true	legendary_lords		
wh2_main_skv_plague_priest	true	true	ui/campaign ui/agents/wh2_main_lore_plague.png	wh2_main_skv_cha_plague_priest_0	wh2_main_vo_actor_Skaven_Plague_Priest	true	-1	false	true	true	true			
wh2_main_skv_plague_priest_ritual	false	true	ui/campaign ui/agents/wh2_main_skv_plague_priest_ritual.png	wh2_main_skv_cha_plague_priest_0	wh2_main_vo_actor_Skaven_Plague_Priest	false	-1	false	false	true	true			
wh2_main_skv_queek_headtaker	false	false		wh2_main_skv_cha_queek_headtaker	wh2_main_vo_actor_Skaven_Queek_Headtaker	true	-1	false	true	false	true	legendary_lords		
wh2_main_skv_warlock_engineer	true	false		wh2_main_skv_cha_warlock_engineer	wh2_main_vo_actor_Skaven_Warlock_Engineer	true	-1	false	true	true	true			
wh2_main_skv_warlock_engineer_ritual	false	false	ui/campaign ui/agents/wh2_main_lore_ruin_ritual.png	wh2_main_skv_cha_warlock_engineer	wh2_main_vo_actor_Skaven_Warlock_Engineer	false	-1	false	false	true	true			
wh2_main_skv_warlord	true	false		wh2_main_skv_cha_warlord_0	wh2_main_vo_actor_Skaven_Warlord	true	-1	false	true	true	true	skv_warlord		
wh2_pro07_emp_amethyst_wizard	true	true	ui/campaign ui/agents/wh_main_lore_death.png	wh2_pro07_emp_cha_wizard_death_0	wh2_pro07_vo_actor_Empire_Amethyst_Wizard	true	-1	false	true	true	true			
wh2_pro08_neu_felix	false	false	ui/campaign ui/agents/wh_main_emp_champion.png	wh2_pro08_neu_cha_felix	wh2_pro08_vo_actor_neu_Felix	false	1	false	false	false	false			
wh2_pro08_neu_gotrek	false	false	ui/campaign ui/agents/wh_main_dwf_champion.png	wh2_pro08_neu_cha_gotrek	wh2_pro08_vo_actor_neu_Gotrek	false	1	false	true	false	true	legendary_lords		
wh2_pro09_grn_black_orc_big_boss	true	false	ui/campaign ui/agents/wh2_pro09_black_orc_big_boss.png	wh2_pro09_grn_cha_black_orc_big_boss_0	wh2_dlc15_vo_actor_Orc_Black_Orc_BigBoss	true	-1	false	true	false	true			
wh_dlc05_vmp_red_duke	false	true		wh_dlc05_vmp_cha_red_duke_0	wh_main_vo_actor_Vampire_Lord	true	-1	false	true	true	true	legendary_lords		
wh_dlc05_vmp_vampire_shadow	true	true	ui/campaign ui/agents/wh_dlc05_lore_shadow.png	wh_dlc05_vmp_cha_vampire_shadows_0	wh_main_vo_actor_Vampire_FemaleVamp	true	-1	true	true	true	true			
wh_dlc05_wef_branchwraith	true	true	ui/campaign ui/agents/wh_dlc05_lore_shadow.png	wh_dlc05_wef_cha_branchwraith_0	wh_dlc05_vo_actor_Wood_Elves_Branchwraith	true	-1	false	true	true	true			
wh_dlc08_bst_cygor_boss	false	false		wh_dlc08_bst_mon_cygor_boss	wh_main_vo_actor_default	true	-1	false	true	true	true			
wh_dlc08_chs_challenger_khorne	false	false		wh_main_chs_cha_chaos_lord_0	wh_main_vo_actor_Chaos_Lord	true	-1	false	true	true	true			
wh_dlc08_chs_challenger_nurgle	false	false		wh_main_chs_cha_chaos_lord_0	wh_main_vo_actor_Chaos_Lord	true	-1	false	true	true	true			
wh_dlc08_chs_challenger_slaanesh	false	false		wh_main_chs_cha_chaos_lord_0	wh_main_vo_actor_Chaos_Lord	true	-1	false	true	true	true			
wh_dlc08_chs_challenger_tzeentch	false	false		wh_main_chs_cha_chaos_lord_0	wh_main_vo_actor_Chaos_Lord	true	-1	false	true	true	true			
wh_dlc08_chs_dragon_ogre_shaggoth_boss	false	false		wh_dlc08_chs_mon_dragon_ogre_shaggoth_boss	wh_main_vo_actor_default	true	-1	false	true	true	true			
wh_dlc08_grn_giant_boss	false	false		wh_dlc08_grn_mon_giant_boss	wh_main_vo_actor_default	true	-1	false	true	true	true			
wh_dlc08_grn_venom_queen_boss	false	false		wh_dlc06_grn_mon_venom_queen_0	wh_main_vo_actor_default	true	-1	false	true	true	true			
wh_dlc08_nor_arzik	false	true		wh_dlc08_nor_cha_arzik_0	wh_main_vo_actor_Chaos_LordOfChange	true	-1	false	true	true	true	nor_lord_of_change		
wh_dlc08_nor_fimir_balefiend_fire	true	true	ui/campaign ui/agents/wh_main_lore_fire.png	wh_dlc08_nor_cha_fimir_balefiend_fire_0	wh_dlc08_vo_actor_Norsca_Fimir_Balefiend	true	-1	true	true	true	true			
wh_dlc08_nor_fimir_balefiend_shadow	true	true	ui/campaign ui/agents/wh_dlc05_lore_shadow.png	wh_dlc08_nor_cha_fimir_balefiend_shadow_0	wh_dlc08_vo_actor_Norsca_Fimir_Balefiend	true	-1	true	true	true	true			
wh_dlc08_nor_frost_wyrm_boss	false	false		wh_dlc08_nor_mon_frost_wyrm_boss	wh_main_vo_actor_default	true	-1	false	true	true	true			
wh_dlc08_nor_shaman_sorcerer_death	true	true	ui/campaign ui/agents/wh_main_lore_death.png	wh_dlc08_nor_cha_shaman_sorcerer_death_0	wh_dlc08_vo_actor_Norsca_Shaman_Sorcerer	true	-1	false	true	true	true			
wh_dlc08_nor_shaman_sorcerer_fire	true	true	ui/campaign ui/agents/wh_main_lore_fire.png	wh_dlc08_nor_cha_shaman_sorcerer_fire_0	wh_dlc08_vo_actor_Norsca_Shaman_Sorcerer	true	-1	false	true	true	true			
wh_dlc08_nor_shaman_sorcerer_metal	true	true	ui/campaign ui/agents/wh_main_lore_metal.png	wh_dlc08_nor_cha_shaman_sorcerer_metal_0	wh_dlc08_vo_actor_Norsca_Shaman_Sorcerer	true	-1	false	true	true	true			
wh_dlc08_nor_skin_wolf_werekin	true	false	UI/Campaign UI/Agents/wh_dlc08_nor_champion.png	wh_dlc08_nor_cha_skin_wolf_werekin_0	wh_dlc08_vo_actor_Norsca_Skin_Wolf_Werekin	true	-1	false	true	true	true			
wh_dlc08_nor_throgg	false	false		wh_dlc08_nor_cha_throgg_0	wh_dlc08_vo_actor_Norsca_Throgg	true	-1	false	true	true	true	legendary_lords		
wh_dlc08_nor_wulfrik	false	false		wh_dlc08_nor_cha_wulfrik_0	wh_dlc08_vo_actor_Norsca_Wulfrik	true	-1	false	true	true	true	legendary_lords		
wh_dlc08_vmp_terrorgheist_boss	false	false		wh_dlc08_vmp_mon_terrorgheist_boss	wh_main_vo_actor_default	true	-1	false	true	true	true			
wh_dlc08_wef_forest_dragon_boss	false	false		wh_dlc08_wef_forest_dragon_boss	wh_main_vo_actor_default	true	-1	false	true	true	true			
